state,date,value
Alabama,2001-01-01,7.01
Alabama,2002-01-01,7.12
Alabama,2003-01-01,7.39
Alabama,2004-01-01,7.62
Alabama,2005-01-01,8
Alabama,2006-01-01,8.75
Alabama,2007-01-01,9.32
Alabama,2008-01-01,10.4
Alabama,2009-01-01,10.66
Alabama,2010-01-01,10.67
Alabama,2011-01-01,11.09
Alabama,2012-01-01,11.4
Alabama,2013-01-01,11.26
Alabama,2014-01-01,11.48
Alabama,2015-01-01,11.7
Alabama,2016-01-01,11.99
Alabama,2017-01-01,12.55
Alabama,2018-01-01,12.18
Alabama,2019-01-01,12.53
Alabama,2020-01-01,12.57
Alabama,2021-01-01,13.08
Alaska,2021-01-01,22.58
Alaska,2020-01-01,22.57
Alaska,2019-01-01,22.92
Alaska,2018-01-01,21.94
Alaska,2017-01-01,21.27
Alaska,2016-01-01,20.3
Alaska,2015-01-01,19.83
Alaska,2014-01-01,19.14
Alaska,2013-01-01,18.12
Alaska,2012-01-01,17.88
Alaska,2011-01-01,17.62
Arizona,2021-01-01,12.55
Arizona,2020-01-01,12.27
Arizona,2019-01-01,12.43
Arizona,2018-01-01,12.77
Arizona,2017-01-01,12.44
Arizona,2016-01-01,12.15
Arizona,2015-01-01,12.13
Arizona,2014-01-01,11.9
Arizona,2013-01-01,11.71
Arizona,2012-01-01,11.29
Arizona,2011-01-01,11.08
Arizona,2010-01-01,10.97
Arizona,2009-01-01,10.73
Arizona,2008-01-01,10.27
Arizona,2007-01-01,9.66
Arizona,2006-01-01,9.4
Arizona,2005-01-01,8.86
Arizona,2004-01-01,8.46
Arizona,2003-01-01,8.35
Arizona,2002-01-01,8.27
Arizona,2001-01-01,8.3
Arkansas,2021-01-01,11.32
Arkansas,2020-01-01,10.41
Arkansas,2019-01-01,9.8
Arkansas,2018-01-01,9.81
Arkansas,2017-01-01,10.28
Arkansas,2016-01-01,9.92
Arkansas,2015-01-01,9.82
Arkansas,2014-01-01,9.51
Arkansas,2013-01-01,9.59
Arkansas,2012-01-01,9.3
Arkansas,2011-01-01,9.02
Arkansas,2010-01-01,8.86
Arkansas,2009-01-01,9.14
Arkansas,2008-01-01,9.27
Arkansas,2007-01-01,8.73
Arkansas,2006-01-01,8.85
Arkansas,2005-01-01,8
Arkansas,2004-01-01,7.36
Arkansas,2003-01-01,7.24
Arkansas,2002-01-01,7.25
Arkansas,2001-01-01,7.72
California,2021-01-01,22.85
California,2020-01-01,20.45
California,2019-01-01,19.15
California,2018-01-01,18.84
California,2017-01-01,18.31
California,2016-01-01,17.39
California,2015-01-01,16.99
California,2014-01-01,16.25
California,2013-01-01,16.23
California,2012-01-01,15.34
California,2011-01-01,14.78
California,2010-01-01,14.75
California,2009-01-01,14.74
California,2008-01-01,13.81
California,2007-01-01,14.42
California,2006-01-01,14.33
California,2005-01-01,12.51
California,2004-01-01,12.2
California,2003-01-01,12.23
California,2002-01-01,12.64
California,2001-01-01,12.09
Colorado,2021-01-01,13.13
Colorado,2020-01-01,12.36
Colorado,2019-01-01,12.18
Colorado,2018-01-01,12.15
Colorado,2017-01-01,12.17
Colorado,2016-01-01,12.07
Colorado,2015-01-01,12.12
Colorado,2014-01-01,12.18
Colorado,2013-01-01,11.93
Colorado,2012-01-01,11.46
Colorado,2011-01-01,11.27
Colorado,2010-01-01,11.04
Colorado,2009-01-01,10
Colorado,2008-01-01,10.13
Colorado,2007-01-01,9.25
Colorado,2006-01-01,9.02
Colorado,2005-01-01,9.06
Colorado,2004-01-01,8.42
Colorado,2003-01-01,8.14
Colorado,2002-01-01,7.37
Colorado,2001-01-01,7.47
Connecticut,2021-01-01,21.86
Connecticut,2020-01-01,22.71
Connecticut,2019-01-01,21.87
Connecticut,2018-01-01,21.2
Connecticut,2017-01-01,20.29
Connecticut,2016-01-01,20.01
Connecticut,2015-01-01,20.94
Connecticut,2014-01-01,19.75
Connecticut,2013-01-01,17.55
Connecticut,2012-01-01,17.34
Connecticut,2011-01-01,18.11
Connecticut,2010-01-01,19.25
Connecticut,2009-01-01,20.33
Connecticut,2008-01-01,19.54
Connecticut,2007-01-01,19.11
Connecticut,2006-01-01,16.86
Connecticut,2005-01-01,13.64
Connecticut,2004-01-01,11.63
Connecticut,2003-01-01,11.31
Connecticut,2002-01-01,10.96
Connecticut,2001-01-01,10.9
Delaware,2021-01-01,12.56
Delaware,2020-01-01,12.56
Delaware,2019-01-01,12.55
Delaware,2018-01-01,12.53
Delaware,2017-01-01,13.35
Delaware,2016-01-01,13.42
Delaware,2015-01-01,13.42
Delaware,2014-01-01,13.29
Delaware,2013-01-01,12.95
Delaware,2012-01-01,13.58
Delaware,2011-01-01,13.7
Delaware,2010-01-01,13.8
Delaware,2009-01-01,14.07
Delaware,2008-01-01,13.93
Delaware,2007-01-01,13.16
Delaware,2006-01-01,11.85
Delaware,2005-01-01,9.01
Delaware,2004-01-01,8.78
Delaware,2003-01-01,8.59
Delaware,2002-01-01,8.7
Delaware,2001-01-01,8.61
District Of Columbia,2021-01-01,13.13
District Of Columbia,2020-01-01,12.63
District Of Columbia,2019-01-01,12.98
District Of Columbia,2018-01-01,12.84
District Of Columbia,2017-01-01,12.94
District Of Columbia,2016-01-01,12.29
District Of Columbia,2015-01-01,12.99
District Of Columbia,2014-01-01,12.74
District Of Columbia,2013-01-01,12.57
District Of Columbia,2012-01-01,12.28
District Of Columbia,2011-01-01,13.4
District Of Columbia,2010-01-01,14.01
District Of Columbia,2009-01-01,13.73
District Of Columbia,2008-01-01,12.78
District Of Columbia,2007-01-01,11.18
District Of Columbia,2006-01-01,9.88
District Of Columbia,2005-01-01,9.1
District Of Columbia,2004-01-01,8
District Of Columbia,2003-01-01,7.84
District Of Columbia,2002-01-01,7.98
District Of Columbia,2001-01-01,7.79
Florida,2021-01-01,12.01
Florida,2020-01-01,11.27
Florida,2019-01-01,11.7
Florida,2018-01-01,11.54
Florida,2017-01-01,11.61
Florida,2016-01-01,10.98
Florida,2015-01-01,11.58
Florida,2014-01-01,11.89
Florida,2013-01-01,11.27
Florida,2012-01-01,11.42
Florida,2011-01-01,11.51
Florida,2010-01-01,11.44
Florida,2009-01-01,12.39
Florida,2008-01-01,11.65
Florida,2007-01-01,11.22
Florida,2006-01-01,11.33
Florida,2005-01-01,9.62
Florida,2004-01-01,8.99
Florida,2003-01-01,8.55
Florida,2002-01-01,8.16
Florida,2001-01-01,8.59
Georgia,2021-01-01,12.6
Georgia,2020-01-01,12.02
Georgia,2019-01-01,11.76
Georgia,2018-01-01,11.47
Georgia,2017-01-01,11.9
Georgia,2016-01-01,11.5
Georgia,2015-01-01,11.54
Georgia,2014-01-01,11.65
Georgia,2013-01-01,11.46
Georgia,2012-01-01,11.17
Georgia,2011-01-01,11.05
Georgia,2010-01-01,10.07
Georgia,2009-01-01,10.13
Georgia,2008-01-01,9.93
Georgia,2007-01-01,9.1
Georgia,2006-01-01,8.91
Georgia,2005-01-01,8.64
Georgia,2004-01-01,7.86
Georgia,2003-01-01,7.7
Georgia,2002-01-01,7.63
Georgia,2001-01-01,7.72
Hawaii,2021-01-01,33.3
Hawaii,2020-01-01,30.28
Hawaii,2019-01-01,32.06
Hawaii,2018-01-01,32.47
Hawaii,2017-01-01,29.5
Hawaii,2016-01-01,27.47
Hawaii,2015-01-01,29.6
Hawaii,2014-01-01,37.04
Hawaii,2013-01-01,36.98
Hawaii,2012-01-01,37.34
Hawaii,2011-01-01,34.68
Hawaii,2010-01-01,28.1
Hawaii,2009-01-01,24.2
Hawaii,2008-01-01,32.5
Hawaii,2007-01-01,24.12
Hawaii,2006-01-01,23.35
Hawaii,2005-01-01,20.7
Hawaii,2004-01-01,18.06
Hawaii,2003-01-01,16.73
Hawaii,2002-01-01,15.63
Hawaii,2001-01-01,16.34
Idaho,2021-01-01,10.18
Idaho,2020-01-01,9.95
Idaho,2019-01-01,9.89
Idaho,2018-01-01,10.15
Idaho,2017-01-01,10.04
Idaho,2016-01-01,9.95
Idaho,2015-01-01,9.93
Idaho,2014-01-01,9.72
Idaho,2013-01-01,9.32
Idaho,2012-01-01,8.67
Idaho,2011-01-01,7.87
Idaho,2010-01-01,7.99
Idaho,2009-01-01,7.8
Idaho,2008-01-01,6.99
Idaho,2007-01-01,6.36
Idaho,2006-01-01,6.21
Idaho,2005-01-01,6.29
Idaho,2004-01-01,6.1
Idaho,2003-01-01,6.24
Idaho,2002-01-01,6.59
Idaho,2001-01-01,6.01
Illinois,2021-01-01,13.24
Illinois,2020-01-01,13.04
Illinois,2019-01-01,13.03
Illinois,2018-01-01,12.77
Illinois,2017-01-01,12.95
Illinois,2016-01-01,12.54
Illinois,2015-01-01,12.5
Illinois,2014-01-01,11.91
Illinois,2013-01-01,10.63
Illinois,2012-01-01,11.37
Illinois,2011-01-01,11.78
Illinois,2010-01-01,11.52
Illinois,2009-01-01,11.27
Illinois,2008-01-01,11.07
Illinois,2007-01-01,10.12
Illinois,2006-01-01,8.42
Illinois,2005-01-01,8.34
Illinois,2004-01-01,8.37
Illinois,2003-01-01,8.38
Illinois,2002-01-01,8.39
Illinois,2001-01-01,8.71
Indiana,2021-01-01,13.46
Indiana,2020-01-01,12.83
Indiana,2019-01-01,12.58
Indiana,2018-01-01,12.26
Indiana,2017-01-01,12.29
Indiana,2016-01-01,11.79
Indiana,2015-01-01,11.57
Indiana,2014-01-01,11.46
Indiana,2013-01-01,10.99
Indiana,2012-01-01,10.53
Indiana,2011-01-01,10.06
Indiana,2010-01-01,9.56
Indiana,2009-01-01,9.5
Indiana,2008-01-01,8.87
Indiana,2007-01-01,8.26
Indiana,2006-01-01,8.22
Indiana,2005-01-01,7.5
Indiana,2004-01-01,7.3
Indiana,2003-01-01,7.04
Indiana,2002-01-01,6.91
Indiana,2001-01-01,6.92
Iowa,2021-01-01,12.75
Iowa,2020-01-01,12.46
Iowa,2019-01-01,12.46
Iowa,2018-01-01,12.24
Iowa,2017-01-01,12.34
Iowa,2016-01-01,11.94
Iowa,2015-01-01,11.63
Iowa,2014-01-01,11.16
Iowa,2013-01-01,11.04
Iowa,2012-01-01,10.82
Iowa,2011-01-01,10.46
Iowa,2010-01-01,10.42
Iowa,2009-01-01,9.99
Iowa,2008-01-01,9.49
Iowa,2007-01-01,9.45
Iowa,2006-01-01,9.63
Iowa,2005-01-01,9.27
Iowa,2004-01-01,8.96
Iowa,2003-01-01,8.57
Iowa,2002-01-01,8.35
Iowa,2001-01-01,8.41
Kansas,2021-01-01,12.93
Kansas,2020-01-01,12.85
Kansas,2019-01-01,12.71
Kansas,2018-01-01,13.35
Kansas,2017-01-01,13.31
Kansas,2016-01-01,13.06
Kansas,2015-01-01,12.34
Kansas,2014-01-01,12.17
Kansas,2013-01-01,11.64
Kansas,2012-01-01,11.24
Kansas,2011-01-01,10.65
Kansas,2010-01-01,10.03
Kansas,2009-01-01,9.53
Kansas,2008-01-01,8.89
Kansas,2007-01-01,8.19
Kansas,2006-01-01,8.25
Kansas,2005-01-01,7.9
Kansas,2004-01-01,7.74
Kansas,2003-01-01,7.71
Kansas,2002-01-01,7.67
Kansas,2001-01-01,7.66
Kentucky,2021-01-01,11.51
Kentucky,2020-01-01,10.87
Kentucky,2019-01-01,10.8
Kentucky,2018-01-01,10.6
Kentucky,2017-01-01,10.85
Kentucky,2016-01-01,10.49
Kentucky,2015-01-01,10.24
Kentucky,2014-01-01,10.16
Kentucky,2013-01-01,9.79
Kentucky,2012-01-01,9.43
Kentucky,2011-01-01,9.2
Kentucky,2010-01-01,8.57
Kentucky,2009-01-01,8.37
Kentucky,2008-01-01,7.94
Kentucky,2007-01-01,7.34
Kentucky,2006-01-01,7.02
Kentucky,2005-01-01,6.57
Kentucky,2004-01-01,6.11
Kentucky,2003-01-01,5.81
Kentucky,2002-01-01,5.65
Kentucky,2001-01-01,5.58
Louisiana,2021-01-01,11.04
Louisiana,2020-01-01,9.67
Louisiana,2019-01-01,9.8
Louisiana,2018-01-01,9.59
Louisiana,2017-01-01,9.74
Louisiana,2016-01-01,9.34
Louisiana,2015-01-01,9.33
Louisiana,2014-01-01,9.57
Louisiana,2013-01-01,9.43
Louisiana,2012-01-01,8.37
Louisiana,2011-01-01,8.96
Louisiana,2010-01-01,8.98
Louisiana,2009-01-01,8.1
Louisiana,2008-01-01,10.28
Louisiana,2007-01-01,9.37
Louisiana,2006-01-01,9.14
Louisiana,2005-01-01,8.87
Louisiana,2004-01-01,8.05
Louisiana,2003-01-01,7.84
Louisiana,2002-01-01,7.1
Louisiana,2001-01-01,7.92
Maine ,2021-01-01,17.03
Maine ,2020-01-01,16.81
Maine ,2019-01-01,17.89
Maine ,2018-01-01,16.84
Maine ,2017-01-01,15.97
Maine ,2016-01-01,15.83
Maine ,2015-01-01,15.61
Maine ,2014-01-01,15.27
Maine ,2013-01-01,14.35
Maine ,2012-01-01,14.66
Maine ,2011-01-01,15.38
Maine ,2010-01-01,15.72
Maine ,2009-01-01,15.64
Maine ,2008-01-01,16.24
Maine ,2007-01-01,16.52
Maine ,2006-01-01,13.8
Maine ,2005-01-01,13.23
Maine ,2004-01-01,12.16
Maine ,2003-01-01,12.37
Maine ,2002-01-01,12.74
Maine ,2001-01-01,13.13
Maryland,2021-01-01,13.14
Maryland,2020-01-01,13.01
Maryland,2019-01-01,13.12
Maryland,2018-01-01,13.3
Maryland,2017-01-01,13.96
Maryland,2016-01-01,14.23
Maryland,2015-01-01,13.82
Maryland,2014-01-01,13.63
Maryland,2013-01-01,13.25
Maryland,2012-01-01,12.84
Maryland,2011-01-01,13.31
Maryland,2010-01-01,14.32
Maryland,2009-01-01,14.98
Maryland,2008-01-01,13.84
Maryland,2007-01-01,11.89
Maryland,2006-01-01,9.71
Maryland,2005-01-01,8.46
Maryland,2004-01-01,7.8
Maryland,2003-01-01,7.73
Maryland,2002-01-01,7.74
Maryland,2001-01-01,7.67
Massachusetts,2021-01-01,22.91
Massachusetts,2020-01-01,21.97
Massachusetts,2019-01-01,21.92
Massachusetts,2018-01-01,21.61
Massachusetts,2017-01-01,20.06
Massachusetts,2016-01-01,19
Massachusetts,2015-01-01,19.83
Massachusetts,2014-01-01,17.39
Massachusetts,2013-01-01,15.83
Massachusetts,2012-01-01,14.91
Massachusetts,2011-01-01,14.67
Massachusetts,2010-01-01,14.59
Massachusetts,2009-01-01,16.87
Massachusetts,2008-01-01,17.56
Massachusetts,2007-01-01,16.23
Massachusetts,2006-01-01,16.6
Massachusetts,2005-01-01,13.44
Massachusetts,2004-01-01,11.75
Massachusetts,2003-01-01,11.6
Massachusetts,2002-01-01,10.93
Massachusetts,2001-01-01,12.47
Michigan,2021-01-01,17.53
Michigan,2020-01-01,16.26
Michigan,2019-01-01,15.74
Michigan,2018-01-01,15.45
Michigan,2017-01-01,15.4
Michigan,2016-01-01,15.22
Michigan,2015-01-01,14.42
Michigan,2014-01-01,14.46
Michigan,2013-01-01,14.59
Michigan,2012-01-01,14.13
Michigan,2011-01-01,13.27
Michigan,2010-01-01,12.46
Michigan,2009-01-01,11.6
Michigan,2008-01-01,10.75
Michigan,2007-01-01,10.21
Michigan,2006-01-01,9.77
Michigan,2005-01-01,8.4
Michigan,2004-01-01,8.33
Michigan,2003-01-01,8.35
Michigan,2002-01-01,8.28
Michigan,2001-01-01,8.26
Minnesota,2021-01-01,13.42
Minnesota,2020-01-01,13.17
Minnesota,2019-01-01,13.04
Minnesota,2018-01-01,13.14
Minnesota,2017-01-01,13.04
Minnesota,2016-01-01,12.67
Minnesota,2015-01-01,12.12
Minnesota,2014-01-01,12.01
Minnesota,2013-01-01,11.81
Minnesota,2012-01-01,11.35
Minnesota,2011-01-01,10.96
Minnesota,2010-01-01,10.59
Minnesota,2009-01-01,10.04
Minnesota,2008-01-01,9.74
Minnesota,2007-01-01,9.18
Minnesota,2006-01-01,8.7
Minnesota,2005-01-01,8.28
Minnesota,2004-01-01,7.92
Minnesota,2003-01-01,7.65
Minnesota,2002-01-01,7.49
Minnesota,2001-01-01,7.61
Mississippi,2021-01-01,11.73
Mississippi,2020-01-01,11.17
Mississippi,2019-01-01,11.27
Mississippi,2018-01-01,11.12
Mississippi,2017-01-01,11.08
Mississippi,2016-01-01,10.47
Mississippi,2015-01-01,11.27
Mississippi,2014-01-01,11.32
Mississippi,2013-01-01,10.78
Mississippi,2012-01-01,10.26
Mississippi,2011-01-01,10.17
Mississippi,2010-01-01,9.87
Mississippi,2009-01-01,10.22
Mississippi,2008-01-01,10.39
Mississippi,2007-01-01,9.36
Mississippi,2006-01-01,9.66
Mississippi,2005-01-01,8.71
Mississippi,2004-01-01,8.21
Mississippi,2003-01-01,7.6
Mississippi,2002-01-01,7.28
Mississippi,2001-01-01,7.37
Missouri,2021-01-01,11.49
Missouri,2020-01-01,11.22
Missouri,2019-01-01,11.14
Missouri,2018-01-01,11.34
Missouri,2017-01-01,11.63
Missouri,2016-01-01,11.21
Missouri,2015-01-01,11.21
Missouri,2014-01-01,10.64
Missouri,2013-01-01,10.6
Missouri,2012-01-01,10.17
Missouri,2011-01-01,9.75
Missouri,2010-01-01,9.08
Missouri,2009-01-01,8.54
Missouri,2008-01-01,8
Missouri,2007-01-01,7.69
Missouri,2006-01-01,7.44
Missouri,2005-01-01,7.08
Missouri,2004-01-01,6.97
Missouri,2003-01-01,6.96
Missouri,2002-01-01,7.06
Missouri,2001-01-01,7
Montana,2021-01-01,11.25
Montana,2020-01-01,11.24
Montana,2019-01-01,11.13
Montana,2018-01-01,10.96
Montana,2017-01-01,10.95
Montana,2016-01-01,10.94
Montana,2015-01-01,10.88
Montana,2014-01-01,10.18
Montana,2013-01-01,10.33
Montana,2012-01-01,10.08
Montana,2011-01-01,9.75
Montana,2010-01-01,9.16
Montana,2009-01-01,8.94
Montana,2008-01-01,9.13
Montana,2007-01-01,8.77
Montana,2006-01-01,8.28
Montana,2005-01-01,8.1
Montana,2004-01-01,7.86
Montana,2003-01-01,7.56
Montana,2002-01-01,7.23
Montana,2001-01-01,6.88
Nebraska,2021-01-01,10.85
Nebraska,2020-01-01,10.8
Nebraska,2019-01-01,10.77
Nebraska,2018-01-01,10.7
Nebraska,2017-01-01,10.97
Nebraska,2016-01-01,10.84
Nebraska,2015-01-01,10.6
Nebraska,2014-01-01,10.4
Nebraska,2013-01-01,10.31
Nebraska,2012-01-01,10.04
Nebraska,2011-01-01,9.32
Nebraska,2010-01-01,8.94
Nebraska,2009-01-01,8.52
Nebraska,2008-01-01,7.87
Nebraska,2007-01-01,7.59
Nebraska,2006-01-01,7.41
Nebraska,2005-01-01,7.14
Nebraska,2004-01-01,6.96
Nebraska,2003-01-01,6.87
Nebraska,2002-01-01,6.73
Nebraska,2001-01-01,6.5
Nevada,2021-01-01,11.5
Nevada,2020-01-01,11.34
Nevada,2019-01-01,12
Nevada,2018-01-01,11.85
Nevada,2017-01-01,11.99
Nevada,2016-01-01,11.41
Nevada,2015-01-01,12.76
Nevada,2014-01-01,12.93
Nevada,2013-01-01,11.89
Nevada,2012-01-01,11.83
Nevada,2011-01-01,11.61
Nevada,2010-01-01,12.36
Nevada,2009-01-01,12.86
Nevada,2008-01-01,11.93
Nevada,2007-01-01,11.82
Nevada,2006-01-01,11.08
Nevada,2005-01-01,10.2
Nevada,2004-01-01,9.69
Nevada,2003-01-01,9.02
Nevada,2002-01-01,9.43
Nevada,2001-01-01,9.08
New Hampshire,2021-01-01,19.86
New Hampshire,2020-01-01,19.04
New Hampshire,2019-01-01,20.05
New Hampshire,2018-01-01,19.69
New Hampshire,2017-01-01,19.2
New Hampshire,2016-01-01,18.38
New Hampshire,2015-01-01,18.5
New Hampshire,2014-01-01,17.53
New Hampshire,2013-01-01,16.33
New Hampshire,2012-01-01,16.07
New Hampshire,2011-01-01,16.52
New Hampshire,2010-01-01,16.32
New Hampshire,2009-01-01,16.39
New Hampshire,2008-01-01,15.68
New Hampshire,2007-01-01,14.88
New Hampshire,2006-01-01,14.68
New Hampshire,2005-01-01,13.51
New Hampshire,2004-01-01,12.49
New Hampshire,2003-01-01,11.98
New Hampshire,2002-01-01,11.89
New Hampshire,2001-01-01,12.49
New Jersey,2021-01-01,16.37
New Jersey,2020-01-01,16.03
New Jersey,2019-01-01,15.85
New Jersey,2018-01-01,15.41
New Jersey,2017-01-01,15.65
New Jersey,2016-01-01,15.72
New Jersey,2015-01-01,15.81
New Jersey,2014-01-01,15.78
New Jersey,2013-01-01,15.73
New Jersey,2012-01-01,15.78
New Jersey,2011-01-01,16.23
New Jersey,2010-01-01,16.57
New Jersey,2009-01-01,16.31
New Jersey,2008-01-01,15.66
New Jersey,2007-01-01,14.14
New Jersey,2006-01-01,12.84
New Jersey,2005-01-01,11.74
New Jersey,2004-01-01,11.23
New Jersey,2003-01-01,10.67
New Jersey,2002-01-01,10.38
New Jersey,2001-01-01,10.21
New Mexico,2021-01-01,13.62
New Mexico,2020-01-01,12.94
New Mexico,2019-01-01,12.51
New Mexico,2018-01-01,12.68
New Mexico,2017-01-01,12.88
New Mexico,2016-01-01,12.03
New Mexico,2015-01-01,12.47
New Mexico,2014-01-01,12.28
New Mexico,2013-01-01,11.68
New Mexico,2012-01-01,11.37
New Mexico,2011-01-01,11
New Mexico,2010-01-01,10.52
New Mexico,2009-01-01,10.02
New Mexico,2008-01-01,10.01
New Mexico,2007-01-01,9.12
New Mexico,2006-01-01,9.06
New Mexico,2005-01-01,9.13
New Mexico,2004-01-01,8.67
New Mexico,2003-01-01,8.69
New Mexico,2002-01-01,8.5
New Mexico,2001-01-01,8.74
New York,2021-01-01,19.44
New York,2020-01-01,18.36
New York,2019-01-01,17.94
New York,2018-01-01,18.52
New York,2017-01-01,18.03
New York,2016-01-01,17.58
New York,2015-01-01,18.54
New York,2014-01-01,20.07
New York,2013-01-01,18.79
New York,2012-01-01,17.62
New York,2011-01-01,18.26
New York,2010-01-01,18.74
New York,2009-01-01,17.5
New York,2008-01-01,18.31
New York,2007-01-01,17.1
New York,2006-01-01,16.89
New York,2005-01-01,15.72
New York,2004-01-01,14.54
New York,2003-01-01,14.31
New York,2002-01-01,13.55
New York,2001-01-01,14.04
North Carolina,2021-01-01,11.5
North Carolina,2020-01-01,11.38
North Carolina,2019-01-01,11.42
North Carolina,2018-01-01,11.09
North Carolina,2017-01-01,10.94
North Carolina,2016-01-01,11.03
North Carolina,2015-01-01,11.28
North Carolina,2014-01-01,11.1
North Carolina,2013-01-01,10.97
North Carolina,2012-01-01,10.91
North Carolina,2011-01-01,10.26
North Carolina,2010-01-01,10.12
North Carolina,2009-01-01,9.99
North Carolina,2008-01-01,9.52
North Carolina,2007-01-01,9.4
North Carolina,2006-01-01,9.12
North Carolina,2005-01-01,8.65
North Carolina,2004-01-01,8.45
North Carolina,2003-01-01,8.32
North Carolina,2002-01-01,8.19
North Carolina,2001-01-01,8.12
North Dakota,2021-01-01,10.83
North Dakota,2020-01-01,10.44
North Dakota,2019-01-01,10.3
North Dakota,2018-01-01,10.25
North Dakota,2017-01-01,10.29
North Dakota,2016-01-01,10.16
North Dakota,2015-01-01,9.62
North Dakota,2014-01-01,9.15
North Dakota,2013-01-01,9.12
North Dakota,2012-01-01,9.06
North Dakota,2011-01-01,8.58
North Dakota,2010-01-01,8.13
North Dakota,2009-01-01,7.58
North Dakota,2008-01-01,7.51
North Dakota,2007-01-01,7.3
North Dakota,2006-01-01,7.14
North Dakota,2005-01-01,6.99
North Dakota,2004-01-01,6.79
North Dakota,2003-01-01,6.49
North Dakota,2002-01-01,6.39
North Dakota,2001-01-01,6.47
Ohio,2021-01-01,12.78
Ohio,2020-01-01,12.29
Ohio,2019-01-01,12.38
Ohio,2018-01-01,12.56
Ohio,2017-01-01,12.63
Ohio,2016-01-01,12.47
Ohio,2015-01-01,12.8
Ohio,2014-01-01,12.5
Ohio,2013-01-01,12.01
Ohio,2012-01-01,11.76
Ohio,2011-01-01,11.42
Ohio,2010-01-01,11.31
Ohio,2009-01-01,10.67
Ohio,2008-01-01,10.06
Ohio,2007-01-01,9.57
Ohio,2006-01-01,9.34
Ohio,2005-01-01,8.51
Ohio,2004-01-01,8.45
Ohio,2003-01-01,8.26
Ohio,2002-01-01,8.24
Ohio,2001-01-01,8.37
Oklahoma,2021-01-01,12.27
Oklahoma,2020-01-01,10.12
Oklahoma,2019-01-01,10.21
Oklahoma,2018-01-01,10.3
Oklahoma,2017-01-01,10.61
Oklahoma,2016-01-01,10.2
Oklahoma,2015-01-01,10.14
Oklahoma,2014-01-01,10.03
Oklahoma,2013-01-01,9.67
Oklahoma,2012-01-01,9.51
Oklahoma,2011-01-01,9.47
Oklahoma,2010-01-01,9.14
Oklahoma,2009-01-01,8.49
Oklahoma,2008-01-01,9.09
Oklahoma,2007-01-01,8.58
Oklahoma,2006-01-01,8.55
Oklahoma,2005-01-01,7.95
Oklahoma,2004-01-01,7.72
Oklahoma,2003-01-01,7.47
Oklahoma,2002-01-01,6.73
Oklahoma,2001-01-01,7.27
Oregon,2021-01-01,11.33
Oregon,2020-01-01,11.17
Oregon,2019-01-01,11.01
Oregon,2018-01-01,10.98
Oregon,2017-01-01,10.66
Oregon,2016-01-01,10.66
Oregon,2015-01-01,10.66
Oregon,2014-01-01,10.47
Oregon,2013-01-01,9.9
Oregon,2012-01-01,9.8
Oregon,2011-01-01,9.54
Oregon,2010-01-01,8.87
Oregon,2009-01-01,8.68
Oregon,2008-01-01,8.49
Oregon,2007-01-01,8.19
Oregon,2006-01-01,7.48
Oregon,2005-01-01,7.25
Oregon,2004-01-01,7.18
Oregon,2003-01-01,7.06
Oregon,2002-01-01,7.12
Oregon,2001-01-01,6.29
Pennsylvania,2021-01-01,13.79
Pennsylvania,2020-01-01,13.58
Pennsylvania,2019-01-01,13.8
Pennsylvania,2018-01-01,13.89
Pennsylvania,2017-01-01,14.23
Pennsylvania,2016-01-01,13.86
Pennsylvania,2015-01-01,13.64
Pennsylvania,2014-01-01,13.32
Pennsylvania,2013-01-01,12.79
Pennsylvania,2012-01-01,12.75
Pennsylvania,2011-01-01,13.26
Pennsylvania,2010-01-01,12.7
Pennsylvania,2009-01-01,11.65
Pennsylvania,2008-01-01,11.35
Pennsylvania,2007-01-01,10.95
Pennsylvania,2006-01-01,10.35
Pennsylvania,2005-01-01,9.86
Pennsylvania,2004-01-01,9.58
Pennsylvania,2003-01-01,9.59
Pennsylvania,2002-01-01,9.74
Pennsylvania,2001-01-01,9.68
Rhode Island ,2021-01-01,22.3
Rhode Island ,2020-01-01,22.01
Rhode Island ,2019-01-01,21.73
Rhode Island ,2018-01-01,20.55
Rhode Island ,2017-01-01,18.32
Rhode Island ,2016-01-01,18.62
Rhode Island ,2015-01-01,19.29
Rhode Island ,2014-01-01,17.17
Rhode Island ,2013-01-01,15.2
Rhode Island ,2012-01-01,14.4
Rhode Island ,2011-01-01,14.33
Rhode Island ,2010-01-01,15.92
Rhode Island ,2009-01-01,15.6
Rhode Island ,2008-01-01,17.45
Rhode Island ,2007-01-01,14.05
Rhode Island ,2006-01-01,15.12
Rhode Island ,2005-01-01,13.04
Rhode Island ,2004-01-01,12.19
Rhode Island ,2003-01-01,11.61
Rhode Island ,2002-01-01,10.2
Rhode Island ,2001-01-01,12.13
South Carolina,2021-01-01,13.18
South Carolina,2020-01-01,12.78
South Carolina,2019-01-01,12.99
South Carolina,2018-01-01,12.44
South Carolina,2017-01-01,13.02
South Carolina,2016-01-01,12.65
South Carolina,2015-01-01,12.57
South Carolina,2014-01-01,12.45
South Carolina,2013-01-01,11.99
South Carolina,2012-01-01,11.77
South Carolina,2011-01-01,11.05
South Carolina,2010-01-01,10.5
South Carolina,2009-01-01,10.44
South Carolina,2008-01-01,9.89
South Carolina,2007-01-01,9.19
South Carolina,2006-01-01,9.03
South Carolina,2005-01-01,8.67
South Carolina,2004-01-01,8.12
South Carolina,2003-01-01,8.01
South Carolina,2002-01-01,7.72
South Carolina,2001-01-01,7.69
South Dakota,2021-01-01,12.25
South Dakota,2020-01-01,11.75
South Dakota,2019-01-01,11.55
South Dakota,2018-01-01,11.59
South Dakota,2017-01-01,11.77
South Dakota,2016-01-01,11.47
South Dakota,2015-01-01,11.08
South Dakota,2014-01-01,10.47
South Dakota,2013-01-01,10.26
South Dakota,2012-01-01,10.07
South Dakota,2011-01-01,9.35
South Dakota,2010-01-01,8.97
South Dakota,2009-01-01,8.49
South Dakota,2008-01-01,8.27
South Dakota,2007-01-01,8.07
South Dakota,2006-01-01,7.83
South Dakota,2005-01-01,7.77
South Dakota,2004-01-01,7.65
South Dakota,2003-01-01,7.47
South Dakota,2002-01-01,7.4
South Dakota,2001-01-01,7.42
 Tennessee,2021-01-01,11.15
 Tennessee,2020-01-01,10.76
 Tennessee,2019-01-01,10.87
 Tennessee,2018-01-01,10.71
 Tennessee,2017-01-01,10.72
 Tennessee,2016-01-01,10.41
 Tennessee,2015-01-01,10.3
 Tennessee,2014-01-01,10.32
 Tennessee,2013-01-01,9.98
 Tennessee,2012-01-01,10.1
 Tennessee,2011-01-01,9.98
 Tennessee,2010-01-01,9.23
 Tennessee,2009-01-01,9.32
 Tennessee,2008-01-01,8.91
 Tennessee,2007-01-01,7.84
 Tennessee,2006-01-01,7.75
 Tennessee,2005-01-01,6.98
 Tennessee,2004-01-01,6.9
 Tennessee,2003-01-01,6.55
 Tennessee,2002-01-01,6.41
 Tennessee,2001-01-01,6.32
Texas,2021-01-01,12.06
Texas,2020-01-01,11.71
Texas,2019-01-01,11.76
Texas,2018-01-01,11.2
Texas,2017-01-01,11.01
Texas,2016-01-01,10.99
Texas,2015-01-01,11.56
Texas,2014-01-01,11.86
Texas,2013-01-01,11.35
Texas,2012-01-01,10.98
Texas,2011-01-01,11.08
Texas,2010-01-01,11.6
Texas,2009-01-01,12.38
Texas,2008-01-01,13.03
Texas,2007-01-01,12.34
Texas,2006-01-01,12.86
Texas,2005-01-01,10.93
Texas,2004-01-01,9.73
Texas,2003-01-01,9.16
Texas,2002-01-01,8.05
Texas,2001-01-01,8.86
Utah,2021-01-01,10.5
Utah,2020-01-01,10.44
Utah,2019-01-01,10.4
Utah,2018-01-01,10.41
Utah,2017-01-01,10.95
Utah,2016-01-01,11.02
Utah,2015-01-01,10.88
Utah,2014-01-01,10.65
Utah,2013-01-01,10.37
Utah,2012-01-01,9.93
Utah,2011-01-01,8.96
Utah,2010-01-01,8.71
Utah,2009-01-01,8.48
Utah,2008-01-01,8.26
Utah,2007-01-01,8.15
Utah,2006-01-01,7.59
Utah,2005-01-01,7.52
Utah,2004-01-01,7.21
Utah,2003-01-01,6.9
Utah,2002-01-01,6.79
Utah,2001-01-01,6.72
Vermont ,2021-01-01,19.27
Vermont ,2020-01-01,19.54
Vermont ,2019-01-01,17.71
Vermont ,2018-01-01,18.02
Vermont ,2017-01-01,17.68
Vermont ,2016-01-01,17.37
Vermont ,2015-01-01,17.09
Vermont ,2014-01-01,17.47
Vermont ,2013-01-01,17.14
Vermont ,2012-01-01,17.01
Vermont ,2011-01-01,16.26
Vermont ,2010-01-01,15.57
Vermont ,2009-01-01,14.9
Vermont ,2008-01-01,14.48
Vermont ,2007-01-01,14.15
Vermont ,2006-01-01,13.39
Vermont ,2005-01-01,12.96
Vermont ,2004-01-01,12.94
Vermont ,2003-01-01,12.82
Vermont ,2002-01-01,12.78
Vermont ,2001-01-01,12.67
Virginia,2021-01-01,12.14
Virginia,2020-01-01,12.03
Virginia,2019-01-01,12.07
Virginia,2018-01-01,11.73
Virginia,2017-01-01,11.55
Virginia,2016-01-01,11.36
Virginia,2015-01-01,11.37
Virginia,2014-01-01,11.1
Virginia,2013-01-01,10.84
Virginia,2012-01-01,11.08
Virginia,2011-01-01,10.64
Virginia,2010-01-01,10.45
Virginia,2009-01-01,10.61
Virginia,2008-01-01,9.62
Virginia,2007-01-01,8.74
Virginia,2006-01-01,8.49
Virginia,2005-01-01,8.16
Virginia,2004-01-01,7.99
Virginia,2003-01-01,7.76
Virginia,2002-01-01,7.79
Virginia,2001-01-01,7.79
Washington,2021-01-01,10.09
Washington,2020-01-01,9.87
Washington,2019-01-01,9.71
Washington,2018-01-01,9.75
Washington,2017-01-01,9.66
Washington,2016-01-01,9.48
Washington,2015-01-01,9.09
Washington,2014-01-01,8.67
Washington,2013-01-01,8.7
Washington,2012-01-01,8.53
Washington,2011-01-01,8.28
Washington,2010-01-01,8.04
Washington,2009-01-01,7.67
Washington,2008-01-01,7.54
Washington,2007-01-01,7.26
Washington,2006-01-01,6.82
Washington,2005-01-01,6.54
Washington,2004-01-01,6.37
Washington,2003-01-01,6.31
Washington,2002-01-01,6.29
Washington,2001-01-01,5.7
West Virginia,2021-01-01,12.16
West Virginia,2020-01-01,11.8
West Virginia,2019-01-01,11.25
West Virginia,2018-01-01,11.18
West Virginia,2017-01-01,11.63
West Virginia,2016-01-01,11.44
West Virginia,2015-01-01,10.08
West Virginia,2014-01-01,9.34
West Virginia,2013-01-01,9.52
West Virginia,2012-01-01,9.85
West Virginia,2011-01-01,9.39
West Virginia,2010-01-01,8.79
West Virginia,2009-01-01,7.9
West Virginia,2008-01-01,7.06
West Virginia,2007-01-01,6.73
West Virginia,2006-01-01,6.35
West Virginia,2005-01-01,6.21
West Virginia,2004-01-01,6.23
West Virginia,2003-01-01,6.24
West Virginia,2002-01-01,6.23
West Virginia,2001-01-01,6.26
Wisconsin,2021-01-01,14.55
Wisconsin,2020-01-01,14.32
Wisconsin,2019-01-01,14.18
Wisconsin,2018-01-01,14.02
Wisconsin,2017-01-01,14.35
Wisconsin,2016-01-01,14.07
Wisconsin,2015-01-01,14.11
Wisconsin,2014-01-01,13.67
Wisconsin,2013-01-01,13.55
Wisconsin,2012-01-01,13.19
Wisconsin,2011-01-01,13.02
Wisconsin,2010-01-01,12.65
Wisconsin,2009-01-01,11.94
Wisconsin,2008-01-01,11.51
Wisconsin,2007-01-01,10.87
Wisconsin,2006-01-01,10.51
Wisconsin,2005-01-01,9.66
Wisconsin,2004-01-01,9.07
Wisconsin,2003-01-01,8.67
Wisconsin,2002-01-01,8.18
Wisconsin,2001-01-01,7.9
Wyoming,2021-01-01,11.2
Wyoming,2020-01-01,11.11
Wyoming,2019-01-01,11.18
Wyoming,2018-01-01,11.29
Wyoming,2017-01-01,11.37
Wyoming,2016-01-01,11.13
Wyoming,2015-01-01,10.97
Wyoming,2014-01-01,10.5
Wyoming,2013-01-01,10.16
Wyoming,2012-01-01,9.85
Wyoming,2011-01-01,9.11
Wyoming,2010-01-01,8.77
Wyoming,2009-01-01,8.58
Wyoming,2008-01-01,8.21
Wyoming,2007-01-01,7.75
Wyoming,2006-01-01,7.75
Wyoming,2005-01-01,7.48
Wyoming,2004-01-01,7.21
Wyoming,2003-01-01,7.04
Wyoming,2002-01-01,6.97
Wyoming,2001-01-01,6.77
